<?xml version="1.0" encoding="UTF-8"?>
<!DOCTYPE hibernate-configuration PUBLIC
        "-//Hibernate/Hibernate Configuration DTD 3.0//EN"
        "http://www.hibernate.org/dtd/hibernate-configuration-3.0.dtd">
<hibernate-configuration>
    <session-factory>
        <property name="connection.driver_class">org.postgresql.Driver</property>
        <property name="connection.url">jdbc:postgresql://localhost:5432/crud_db</property>
        <property name="connection.username">postgres</property>
        <property name="connection.password">password</property>

        <property name="connection.pool_size">5</property>

        <property name="dialect">org.hibernate.dialect.PostgreSQLDialect</property>

        <property name="hibernate.cache.use_second_level_cache">false</property>
        <property name="hibernate.cache.use_query_cache">false</property>

        <property name="hibernate.validator.apply_to_ddl">false</property>
        <property name="hibernate.validator.autoregister_listeners">false</property>

        <property name="javax.persistence.validation.mode">AUTO</property>

        <property name="hibernate.show_sql">true</property>
        <property name="format_sql">false</property>

        <property name="hibernate.jdbc.batch_versioned_data">false</property>
        <property name="hibernate.use_sql_comments">true</property>

        <property name="hibernate.hbm2ddl.auto">create-drop</property>

        <property name="hibernate.current_session_context_class">thread</property>

        <mapping class="by.nikiforova.crud.entity.User"/>
    </session-factory>
</hibernate-configuration>